{
  "Total" : {
    "transaction" : "Total",
    "sampleCount" : 712,
    "errorCount" : 223,
    "errorPct" : 31.320225,
    "meanResTime" : 232.07443820224702,
    "medianResTime" : 120.0,
    "minResTime" : 13.0,
    "maxResTime" : 5916.0,
    "pct1ResTime" : 572.0,
    "pct2ResTime" : 600.35,
    "pct3ResTime" : 829.5300000000001,
    "throughput" : 2.519997168542507,
    "receivedKBytesPerSec" : 32.23516885883414,
    "sentKBytesPerSec" : 0.36832450714943016
  },
  "GET /characters/{id}" : {
    "transaction" : "GET /characters/{id}",
    "sampleCount" : 236,
    "errorCount" : 0,
    "errorPct" : 0.0,
    "meanResTime" : 492.52966101694926,
    "medianResTime" : 478.5,
    "minResTime" : 44.0,
    "maxResTime" : 5916.0,
    "pct1ResTime" : 629.6,
    "pct2ResTime" : 737.7999999999997,
    "pct3ResTime" : 4177.319999999998,
    "throughput" : 0.8376101137872044,
    "receivedKBytesPerSec" : 1.4429350936455205,
    "sentKBytesPerSec" : 0.10869410904547938
  },
  "GET /characters (Page 1)" : {
    "transaction" : "GET /characters (Page 1)",
    "sampleCount" : 253,
    "errorCount" : 0,
    "errorPct" : 0.0,
    "meanResTime" : 102.2687747035573,
    "medianResTime" : 113.0,
    "minResTime" : 13.0,
    "maxResTime" : 195.0,
    "pct1ResTime" : 121.0,
    "pct2ResTime" : 139.29999999999998,
    "pct3ResTime" : 190.84000000000003,
    "throughput" : 0.9476329776276214,
    "receivedKBytesPerSec" : 8.33991054138684,
    "sentKBytesPerSec" : 0.11937954503316715
  },
  "GET /characters (Random Page)" : {
    "transaction" : "GET /characters (Random Page)",
    "sampleCount" : 223,
    "errorCount" : 223,
    "errorPct" : 100.0,
    "meanResTime" : 103.70403587443953,
    "medianResTime" : 119.0,
    "minResTime" : 13.0,
    "maxResTime" : 249.0,
    "pct1ResTime" : 127.0,
    "pct2ResTime" : 132.0,
    "pct3ResTime" : 157.03999999999996,
    "throughput" : 0.8295452009136157,
    "receivedKBytesPerSec" : 24.08498641759231,
    "sentKBytesPerSec" : 0.15463517099604943
  }
}