{
  "GET /episodes/{id}" : {
    "transaction" : "GET /episodes/{id}",
    "sampleCount" : 217,
    "errorCount" : 0,
    "errorPct" : 0.0,
    "meanResTime" : 360.6497695852537,
    "medianResTime" : 299.0,
    "minResTime" : 46.0,
    "maxResTime" : 1250.0,
    "pct1ResTime" : 556.2,
    "pct2ResTime" : 590.4,
    "pct3ResTime" : 667.4999999999998,
    "throughput" : 0.8323264867767486,
    "receivedKBytesPerSec" : 1.0090078306292312,
    "sentKBytesPerSec" : 0.1063519132481829
  },
  "GET /episodes (Page 1)" : {
    "transaction" : "GET /episodes (Page 1)",
    "sampleCount" : 225,
    "errorCount" : 0,
    "errorPct" : 0.0,
    "meanResTime" : 107.24444444444445,
    "medianResTime" : 112.0,
    "minResTime" : 13.0,
    "maxResTime" : 672.0,
    "pct1ResTime" : 121.0,
    "pct2ResTime" : 125.0,
    "pct3ResTime" : 172.20000000000027,
    "throughput" : 0.873196364398426,
    "receivedKBytesPerSec" : 7.469668099274665,
    "sentKBytesPerSec" : 0.10829681472519541
  },
  "Total" : {
    "transaction" : "Total",
    "sampleCount" : 667,
    "errorCount" : 225,
    "errorPct" : 33.733135,
    "meanResTime" : 191.9505247376311,
    "medianResTime" : 120.0,
    "minResTime" : 12.0,
    "maxResTime" : 1250.0,
    "pct1ResTime" : 520.0,
    "pct2ResTime" : 544.6,
    "pct3ResTime" : 636.6400000000001,
    "throughput" : 2.513642256323676,
    "receivedKBytesPerSec" : 32.86365110070774,
    "sentKBytesPerSec" : 0.36598644206563363
  },
  "GET /episodes (Random Page)" : {
    "transaction" : "GET /episodes (Random Page)",
    "sampleCount" : 225,
    "errorCount" : 225,
    "errorPct" : 100.0,
    "meanResTime" : 113.95555555555543,
    "medianResTime" : 119.0,
    "minResTime" : 12.0,
    "maxResTime" : 1091.0,
    "pct1ResTime" : 129.0,
    "pct2ResTime" : 131.7,
    "pct3ResTime" : 155.36000000000013,
    "throughput" : 0.848563476319422,
    "receivedKBytesPerSec" : 24.63712715063699,
    "sentKBytesPerSec" : 0.1564465249439948
  }
}