{
  "Total" : {
    "transaction" : "Total",
    "sampleCount" : 289,
    "errorCount" : 85,
    "errorPct" : 29.411764,
    "meanResTime" : 156.92733564013832,
    "medianResTime" : 19.0,
    "minResTime" : 12.0,
    "maxResTime" : 1224.0,
    "pct1ResTime" : 534.0,
    "pct2ResTime" : 574.0,
    "pct3ResTime" : 925.4000000000008,
    "throughput" : 2.472409958080246,
    "receivedKBytesPerSec" : 30.16474489905039,
    "sentKBytesPerSec" : 0.35878583764650523
  },
  "GET /characters/{id}" : {
    "transaction" : "GET /characters/{id}",
    "sampleCount" : 104,
    "errorCount" : 0,
    "errorPct" : 0.0,
    "meanResTime" : 399.80769230769243,
    "medianResTime" : 501.0,
    "minResTime" : 14.0,
    "maxResTime" : 1224.0,
    "pct1ResTime" : 632.5,
    "pct2ResTime" : 894.75,
    "pct3ResTime" : 1210.6000000000008,
    "throughput" : 0.9198167442025013,
    "receivedKBytesPerSec" : 1.5733343799196928,
    "sentKBytesPerSec" : 0.11937337760688448
  },
  "GET /characters (Page 1)" : {
    "transaction" : "GET /characters (Page 1)",
    "sampleCount" : 100,
    "errorCount" : 0,
    "errorPct" : 0.0,
    "meanResTime" : 21.8,
    "medianResTime" : 16.0,
    "minResTime" : 12.0,
    "maxResTime" : 358.0,
    "pct1ResTime" : 27.0,
    "pct2ResTime" : 32.799999999999955,
    "pct3ResTime" : 355.76999999999884,
    "throughput" : 0.8555051758063136,
    "receivedKBytesPerSec" : 7.529113910514159,
    "sentKBytesPerSec" : 0.10777360124903755
  },
  "GET /characters (Random Page)" : {
    "transaction" : "GET /characters (Random Page)",
    "sampleCount" : 85,
    "errorCount" : 85,
    "errorPct" : 100.0,
    "meanResTime" : 18.72941176470588,
    "medianResTime" : 16.0,
    "minResTime" : 12.0,
    "maxResTime" : 64.0,
    "pct1ResTime" : 29.400000000000006,
    "pct2ResTime" : 34.0,
    "pct3ResTime" : 64.0,
    "throughput" : 0.8212481038830542,
    "receivedKBytesPerSec" : 23.84506701626071,
    "sentKBytesPerSec" : 0.15307823112820165
  }
}