{
  "GET /locations (Random Page)" : {
    "transaction" : "GET /locations (Random Page)",
    "sampleCount" : 213,
    "errorCount" : 213,
    "errorPct" : 100.0,
    "meanResTime" : 113.01877934272302,
    "medianResTime" : 120.0,
    "minResTime" : 13.0,
    "maxResTime" : 491.0,
    "pct1ResTime" : 129.0,
    "pct2ResTime" : 135.0,
    "pct3ResTime" : 156.57999999999996,
    "throughput" : 0.8004479502143923,
    "receivedKBytesPerSec" : 23.24018814167365,
    "sentKBytesPerSec" : 0.14822702423140086
  },
  "Total" : {
    "transaction" : "Total",
    "sampleCount" : 673,
    "errorCount" : 213,
    "errorPct" : 31.649332,
    "meanResTime" : 195.74739970282323,
    "medianResTime" : 120.0,
    "minResTime" : 12.0,
    "maxResTime" : 923.0,
    "pct1ResTime" : 547.0,
    "pct2ResTime" : 577.3,
    "pct3ResTime" : 646.78,
    "throughput" : 2.5159630942233786,
    "receivedKBytesPerSec" : 27.052765830379972,
    "sentKBytesPerSec" : 0.3654570452106979
  },
  "GET /locations/{id}" : {
    "transaction" : "GET /locations/{id}",
    "sampleCount" : 219,
    "errorCount" : 0,
    "errorPct" : 0.0,
    "meanResTime" : 374.6849315068493,
    "medianResTime" : 341.0,
    "minResTime" : 45.0,
    "maxResTime" : 923.0,
    "pct1ResTime" : 593.0,
    "pct2ResTime" : 604.0,
    "pct3ResTime" : 861.6000000000026,
    "throughput" : 0.8836702578380341,
    "receivedKBytesPerSec" : 1.3161074060343783,
    "sentKBytesPerSec" : 0.11374117968970665
  },
  "GET /locations (Page 1)" : {
    "transaction" : "GET /locations (Page 1)",
    "sampleCount" : 241,
    "errorCount" : 0,
    "errorPct" : 0.0,
    "meanResTime" : 106.26141078838172,
    "medianResTime" : 113.0,
    "minResTime" : 12.0,
    "maxResTime" : 577.0,
    "pct1ResTime" : 123.0,
    "pct2ResTime" : 126.89999999999998,
    "pct3ResTime" : 168.27999999999975,
    "throughput" : 0.9128926195851452,
    "receivedKBytesPerSec" : 2.7500046757337233,
    "sentKBytesPerSec" : 0.11411157744814317
  }
}