{
  "Total" : {
    "transaction" : "Total",
    "sampleCount" : 40847,
    "errorCount" : 0,
    "errorPct" : 0.0,
    "meanResTime" : 591.0198545792841,
    "medianResTime" : 51.0,
    "minResTime" : 8.0,
    "maxResTime" : 22294.0,
    "pct1ResTime" : 1256.0,
    "pct2ResTime" : 3039.0,
    "pct3ResTime" : 7059.990000000002,
    "throughput" : 321.7135161104854,
    "receivedKBytesPerSec" : 2831.330280456733,
    "sentKBytesPerSec" : 40.52836286938732
  },
  "GET /characters (Page 1)" : {
    "transaction" : "GET /characters (Page 1)",
    "sampleCount" : 40847,
    "errorCount" : 0,
    "errorPct" : 0.0,
    "meanResTime" : 591.0198545792841,
    "medianResTime" : 51.0,
    "minResTime" : 8.0,
    "maxResTime" : 22294.0,
    "pct1ResTime" : 1256.0,
    "pct2ResTime" : 3039.0,
    "pct3ResTime" : 7059.990000000002,
    "throughput" : 321.7135161104854,
    "receivedKBytesPerSec" : 2831.330280456733,
    "sentKBytesPerSec" : 40.52836286938732
  }
}